{
  "development": {
    "serverUrl": "/eolinker_os/server/index.php",
    "isDebug":true,
    "assetUrl":"app/",
    "COOKIE_CONFIG":{
      "path":"/",
      "domain":"localhost"
    }
  },
  "production": {
    "serverUrl": "/eolinker_os/server/index.php",
    "isDebug":false,
    "assetUrl":"",
    "COOKIE_CONFIG":{
      "path":"/",
      "domain":".eolinker.com"
    }
  },
  "test": {
    "serverUrl": "http://localhost:8080",
    "isDebug":false,
    "COOKIE_CONFIG":{
      "domain":"./"
    }
  }
}