{
  "development": {
    "serverUrl": "http://zixuan.website:8082/index.php",
    "isDebug":true,
    "assetUrl":"app/",
    "COOKIE_CONFIG":{
      "path":"/",
      "domain":"zixuan.website:8082"
    }
  },
  "production": {
    "serverUrl": "http://zixuan.website:8082/index.php",
    "isDebug":false,
    "assetUrl":"",
    "COOKIE_CONFIG":{
      "path":"/",
      "domain":".zixuan.website"
    }
  },
  "test": {
    "serverUrl": "http://zixuan.website:8082",
    "isDebug":false,
    "COOKIE_CONFIG":{
      "domain":"./"
    }
  }
}